{"initial_reset_timestamp": 1061538.246029328, "timestamps": [1061545.694670459, 1061552.543358027, 1061553.472173909, 1061554.298103733, 1061555.170626746, 1061556.355802458, 1061557.381461482, 1061558.611744397, 1061559.79375484, 1061561.041776845, 1061562.114503402, 1061563.235877998, 1061563.694002577, 1061564.750645396, 1061564.84084329], "episode_lengths": [1000, 1000, 1000, 1000, 1000, 1000, 1000, 1000, 159, 1000, 1000, 1000, 601, 1000, 197], "episode_rewards": [55.96642337947367, 106.5174170992834, 79.31693752206658, 88.6378496070837, 145.57688302865722, 131.0032632768656, 91.84249998616893, 67.48582427919501, 41.311080640372495, 90.19926694098238, 131.3249258022933, 125.9213878973079, -126.21232556733815, 106.25920396477034, -47.45482277306651], "episode_types": ["t", "t", "t", "t", "t", "t", "t", "t", "t", "t", "t", "t", "t", "t", "t", "t"]}